country,year,population,gdp,co2,co2_per_capita,coal_co2,oil_co2,gas_co2,cement_co2,methane,nitrous_oxide,total_ghg,temperature_change_from_co2
Brazil,1990,149143223.0,1185480000000.0,218.6576843,1.46609199,37.09471512,151.7752991,7.483988762,11.06167889,365.409729,100.4562302,2105.298828,0.029756801
Brazil,1991,151724253.0,1213090000000.0,229.3935852,1.511911154,42.46610641,156.7002258,7.335660934,11.77559185,373.6642761,103.9957733,2189.193604,0.030527551
Brazil,1992,154275077.0,1221830000000.0,233.6008606,1.514184117,41.20307541,163.2516632,7.983260155,9.769857407,379.5870972,106.6476974,2267.928467,0.031329896
Brazil,1993,156794574.0,1298220000000.0,244.305542,1.5581249,42.34260941,171.2524261,8.729969978,10.16354465,382.5765686,110.0818863,2282.486816,0.032135908
Brazil,1994,159265011.0,1391780000000.0,254.0022583,1.594840288,43.66381454,179.1647491,8.985443115,10.08625793,391.6010742,111.7420654,2672.894775,0.033112913
Brazil,1995,161735079.0,1468840000000.0,268.6775208,1.661219954,45.58230972,190.3469696,9.602722168,11.52751637,397.7090149,113.5452423,2645.838135,0.034074176
Brazil,1996,164202549.0,1520360000000.0,289.3109131,1.761914849,46.47149658,206.2785645,10.60794258,13.8839159,387.276947,109.0866394,2586.918701,0.035015613
Brazil,1997,166661662.0,1591960000000.0,306.9490662,1.841749668,47.04711914,219.8297272,11.86315918,15.26706886,396.1526489,111.7437363,2696.837646,0.036001351
Brazil,1998,169159651.0,1617680000000.0,317.359436,1.876094103,45.5907402,229.5781403,12.41111851,16.17543221,404.2888184,122.8742523,2929.595703,0.037083235
Brazil,1999,171641544.0,1645890000000.0,327.2556458,1.906622648,46.8046875,235.4684906,14.06882477,16.43865776,410.4077759,123.774704,2965.704346,0.038178213
Brazil,2000,174018278.0,1739730000000.0,340.1828003,1.954868317,50.45729446,239.4911041,18.44259834,16.04684067,417.3099365,123.3748627,2823.802979,0.039206367
Brazil,2001,176301201.0,1785510000000.0,346.165741,1.963490486,49.42983246,241.7918549,23.18531609,15.22674561,429.6150818,127.2654419,2783.374512,0.040209018
Brazil,2002,178503485.0,1861740000000.0,347.7649536,1.948225021,48.68881607,239.2193298,29.29285812,14.3899622,450.5879211,132.3792114,2981.136475,0.041288979
Brazil,2003,180622688.0,1904930000000.0,344.644928,1.908093214,51.9331131,232.43367,30.91921997,13.09593678,471.5380554,137.4209747,3846.776123,0.042747058
Brazil,2004,182675144.0,2038450000000.0,361.434021,1.978561521,53.83265686,239.7682495,38.21509171,13.27300835,494.9906921,145.9243011,3313.757568,0.04395071
Brazil,2005,184688101.0,2129210000000.0,364.3705444,1.972896814,50.95163345,240.2184448,39.618927,14.34856796,497.6864929,145.9465942,3057.047852,0.045037538
Brazil,2006,186653099.0,2240810000000.0,368.8709412,1.976238012,50.83460617,242.251358,42.05303574,15.43995476,493.2843018,143.0040588,2819.170898,0.046020549
Brazil,2007,188552311.0,2405630000000.0,390.5734253,2.071432829,54.98905563,256.0033569,43.24560165,17.20044518,491.5204468,155.7946472,2745.828125,0.046965569
Brazil,2008,190367297.0,2559840000000.0,412.6378479,2.167587996,55.31549835,267.2388,51.30269241,18.88383484,488.1548462,148.7112122,2616.449707,0.047857028
Brazil,2009,192079958.0,2589570000000.0,389.7753296,2.029234648,43.58605194,262.7054138,40.95853806,19.03133011,486.8582458,144.2874603,2432.428223,0.048668195
Brazil,2010,193701931.0,2820490000000.0,440.269043,2.27292037,56.68818665,286.0799866,55.04882431,21.28804016,507.8707581,162.3281555,2422.23584,0.049457185
Brazil,2011,195284736.0,2968460000000.0,461.9113159,2.365322351,62.29240036,303.8850098,53.10058212,22.17632484,505.2668152,159.9594574,2379.087646,0.050228987
Brazil,2012,196876113.0,3025480000000.0,497.4682007,2.526808262,61.01647186,327.7339783,63.39656067,24.1572094,506.8518372,161.6074066,2503.240967,0.051055238
Brazil,2013,198478290.0,3116390000000.0,531.5688477,2.678221464,65.60408783,342.3381348,74.70378876,25.80284309,506.4587097,161.1612549,2568.796387,0.051911391
Brazil,2014,200085126.0,3132100000000.0,556.5255127,2.781443596,69.0371933,356.7507019,81.28511047,25.53251457,512.6400757,167.8119507,2628.207031,0.052788518
Brazil,2015,201675534.0,3021040000000.0,528.1735229,2.61892724,69.45493317,330.355957,80.46411896,23.90254593,521.1735229,165.6291656,2617.903809,0.053658146
Brazil,2016,203218108.0,2922080000000.0,491.7448425,2.419788361,63.82790756,312.9418335,69.66627502,21.41184425,524.1326294,164.676239,2512.194824,0.054479267
Brazil,2017,204703440.0,2960730000000.0,497.2545471,2.429146051,67.31838226,315.0450745,70.68840027,20.30569649,522.6450195,173.2654572,2431.265137,0.055260744
Brazil,2018,206107265.0,3013540000000.0,476.6005554,2.312390804,65.83731842,298.8893738,67.41765594,20.5591774,522.1157837,167.6762543,2423.189453,0.056041341
Brazil,2019,207455459.0,3050330000000.0,476.7237549,2.297957182,61.88453674,302.9797363,67.12190247,20.84056664,528.946228,175.2071533,2468.734131,0.056835979
Brazil,2020,208660845.0,2950380000000.0,447.9993896,2.14702177,55.94921875,285.2835388,59.02661133,23.84300041,535.7717285,183.760849,2571.217041,0.057669844
Brazil,2021,209550291.0,3097570000000.0,496.5619812,2.369655371,67.93636322,303.4654541,75.97504425,25.28812027,545.361084,189.9515381,2774.466309,0.058588132
Brazil,2022,210306411.0,3187410000000.0,480.0582886,2.2826612,56.11171341,315.3390808,60.08588791,24.62459946,566.2214966,194.9860535,2875.003662,0.059540033
Brazil,2023,211140731.0,,483.9919434,2.292271852,54.90581894,323.2901611,56.11952972,25.77941513,566.2032471,196.1811829,2817.818115,0.060465652
Brazil,2024,211998565.0,,483.0115356,2.278371811,50.95448303,323.8646851,58.91423416,25.38115883,579.9898682,203.9707031,2804.430664,0.061375525
Canada,1990,27789437.0,835997000000.0,458.0178528,16.48172569,99.13868713,212.1934204,125.7056961,5.823211193,97.48885345,44.9349556,802.0137939,0.020150883
Canada,1991,28157154.0,820274000000.0,449.7764587,15.97378922,104.1518784,199.9638367,125.27565,4.770786762,99.28505707,42.12450027,780.8287964,0.020438831
Canada,1992,28500066.0,829742000000.0,463.3927612,16.25935745,106.9849091,202.86203,132.4727173,4.804071903,103.6552658,42.16294098,812.6948853,0.020739144
Canada,1993,28830635.0,853776000000.0,464.0715942,16.09647369,99.61761475,206.1599121,137.0217896,4.892830849,105.476059,43.85393143,812.2709961,0.021037685
Canada,1994,29147383.0,894852000000.0,478.467865,16.41546631,103.2867661,211.1726074,140.2601624,5.769323826,109.1218796,47.99237442,839.3082275,0.021344895
Canada,1995,29459138.0,921360000000.0,491.3053284,16.67751884,104.7092972,213.867569,147.9846497,6.529322147,112.922081,47.88808441,862.3283691,0.021660808
Canada,1996,29767210.0,938873000000.0,507.7752075,17.05820656,106.8665085,220.8017731,154.5466614,6.185380936,114.9093933,48.08585358,901.9710693,0.021993589
Canada,1997,30059088.0,981728000000.0,522.0186768,17.36641884,113.7306747,228.7488708,153.1548309,6.657483101,117.4897079,41.08204269,879.0811768,0.022318054
Canada,1998,30329971.0,1022470000000.0,529.6148071,17.46176529,119.8413544,231.6180267,149.9671936,6.828347206,118.3791733,41.35076523,882.7935181,0.02264367
Canada,1999,30599458.0,1078410000000.0,543.8594971,17.77350235,120.135643,234.5887604,162.4683533,7.118443012,118.619606,40.25280762,901.3710327,0.022978038
Canada,2000,30891800.0,1137680000000.0,566.6798706,18.34402275,129.4828186,237.2430573,173.0307922,7.232123852,121.6526108,38.86295319,959.4121704,0.023337802
Canada,2001,31213578.0,1161460000000.0,558.9805908,17.90825081,126.8467102,241.2818298,165.2691803,6.982742786,121.9847183,37.81289291,947.8027954,0.023692664
Canada,2002,31535579.0,1199870000000.0,564.2561646,17.89268494,124.5281982,242.1967621,171.3308563,7.148303986,124.4161606,38.55849457,937.4663696,0.024041438
Canada,2003,31836483.0,1224580000000.0,581.1903687,18.25548363,123.5774307,257.9126892,173.9562378,7.248136044,123.5161972,39.30819321,948.5997925,0.024395294
Canada,2004,32132680.0,1265920000000.0,576.286377,17.93458939,116.2325668,263.6665955,169.7281952,7.519955158,127.2051773,38.63164139,948.8027344,0.024747886
Canada,2005,32440172.0,1310080000000.0,570.3961182,17.58301735,117.2605286,258.1053467,168.7094269,7.613986015,126.3536301,39.67076492,937.12677,0.025095133
Canada,2006,32759174.0,1348290000000.0,566.3153687,17.28723145,114.6043549,256.9365845,168.0487213,7.728497982,129.9225311,37.05961609,910.4238892,0.025429927
Canada,2007,33092171.0,1379930000000.0,589.9562378,17.82766724,119.2038193,263.6167603,180.414505,7.731019974,128.1701965,40.61162567,907.1373901,0.025762428
Canada,2008,33449088.0,1397940000000.0,574.2143555,17.16681671,113.1442719,255.2203064,180.7417145,6.988371849,124.8919373,39.38597488,884.1873169,0.026086623
Canada,2009,33826370.0,1360540000000.0,541.1298828,15.99727821,93.71363068,251.4790497,173.8636322,5.364042759,118.1251755,37.79637146,798.7179565,0.026376091
Canada,2010,34196900.0,1406360000000.0,554.3074341,16.20928955,96.39471436,257.1850891,177.7104645,6.005435944,118.9156113,38.8163681,796.3220825,0.026663667
Canada,2011,34555449.0,1454220000000.0,562.8324585,16.28780556,87.38171387,258.6364136,193.4589844,6.020141125,119.6415482,41.11941147,850.8776855,0.026974445
Canada,2012,34922513.0,1479830000000.0,561.7695313,16.0861721,82.2091217,258.2382813,196.5319214,6.532304764,122.5823212,42.90961456,857.8001709,0.027286211
Canada,2013,35293421.0,1514300000000.0,568.5897217,16.11035919,79.92080688,259.8504028,203.5643158,5.973036766,123.2393188,42.68235016,864.2272339,0.027600678
Canada,2014,35634265.0,1557760000000.0,564.9382324,15.85379219,77.55775452,252.104248,210.1711578,5.911521912,128.4559021,42.09048843,879.9921265,0.02792016
Canada,2015,35962236.0,1568030000000.0,563.0025635,15.65538216,74.33643341,251.9708405,212.6798859,6.184772015,127.1635437,42.06861496,879.9317017,0.028240208
Canada,2016,36353345.0,1583730000000.0,553.7070313,15.23125362,74.53210449,247.8419647,209.4668121,6.114244938,122.5126953,41.09420013,846.4199219,0.028547697
Canada,2017,36808498.0,1631870000000.0,566.6602783,15.39482212,73.96281433,252.3565063,217.1017303,6.863101959,124.5078125,41.84672928,878.5891724,0.028868435
Canada,2018,37294996.0,1677190000000.0,575.0907593,15.42005157,62.46744156,258.2163086,230.6290131,6.989642143,125.9721451,43.70193863,873.2074585,0.029185256
Canada,2019,37782934.0,1708860000000.0,579.007019,15.32456493,59.81122208,260.9418945,233.9094086,7.195471764,125.1638565,42.37799835,861.4067383,0.029497722
Canada,2020,38171903.0,1622140000000.0,524.2079468,13.73282146,49.44234467,225.772644,224.8758698,6.712529182,110.8216019,44.28883743,795.9885254,0.029786328
Canada,2021,38454058.0,1703440000000.0,537.4786377,13.97716331,47.05899048,233.6239166,231.2293243,7.384992123,114.9099655,43.14056396,821.7352295,0.030085202
Canada,2022,38821259.0,1761300000000.0,547.6576538,14.10715866,39.15651321,242.2908936,240.854248,6.751512051,117.0547333,43.208004,815.4545898,0.030380255
Canada,2023,39299098.0,,545.4785156,13.88017941,36.38423157,241.5264587,240.9398499,7.300191879,118.7201233,44.85347748,825.0513306,0.030678136
Canada,2024,39742429.0,,533.3400879,13.41991711,28.67247963,244.5719147,233.4677277,7.300191879,115.3377533,44.73481369,802.7321777,0.030967543
China,1990,1153582725.0,3385120000000.0,2483.534424,2.152887821,1976.807983,330.2917786,29.30105209,83.06832886,867.3428345,298.9263,4205.16748,0.044315256
China,1991,1170788533.0,3508950000000.0,2619.143311,2.237076521,2049.7229,356.0266724,30.77755547,99.57324219,870.1247559,305.4110718,4315.058594,0.045729071
China,1992,1184574236.0,3755040000000.0,2731.290283,2.305714846,2114.611572,385.7935486,30.23899269,120.3519211,873.3587646,311.3097839,4445.955566,0.047197718
China,1993,1197308574.0,4126170000000.0,2914.284424,2.434029579,2228.682861,428.5487671,35.72766495,140.3330536,876.8214111,307.5250854,4591.354004,0.048731986
China,1994,1209003099.0,4438750000000.0,3093.890869,2.559042931,2380.736084,423.7117615,41.5680275,161.5666962,900.1536865,319.725769,4901.601074,0.050389968
China,1995,1220133929.0,4810000000000.0,3351.197266,2.746581316,2569.69873,468.2298889,42.43644714,181.4804993,949.9130859,365.0355225,5151.296387,0.052117579
China,1996,1230944809.0,5127590000000.0,3499.310547,2.842784405,2660.287598,510.6223755,44.46996689,189.5563049,970.7996826,384.0999756,5359.030762,0.05392075
China,1997,1241139623.0,5291340000000.0,3512.349854,2.829939365,2609.780029,557.9606323,44.1584816,199.4055786,928.9154663,359.3041077,5318.064453,0.055735499
China,1998,1250847122.0,5338700000000.0,3355.335938,2.682450771,2444.895508,559.2619629,50.50091171,207.7553253,934.0648193,368.4180908,5195.279297,0.057488535
China,1999,1260176650.0,5578500000000.0,3549.948975,2.817024946,2580.984863,596.7514038,54.57155991,224.4187775,937.7075806,380.8216248,5342.072266,0.059300445
China,2000,1269581174.0,5952680000000.0,3643.80957,2.870087862,2601.591309,648.6848755,59.79641724,240.2103424,950.0324707,372.3011169,5282.097656,0.061083637
China,2001,1278725061.0,6329740000000.0,3724.114258,2.91236496,2637.884766,659.3008423,67.15752411,266.1983032,957.3230591,371.2594604,5282.241699,0.06286408
China,2002,1286866835.0,6814490000000.0,4098.180664,3.18461895,3018.60376,653.0866089,53.99275208,277.8556213,961.7798462,388.4818726,5600.190918,0.064777941
China,2003,1294517323.0,7248620000000.0,4835.251465,3.735177279,3601.891602,727.0988159,60.7454567,347.6330261,1007.435303,398.8177185,6373.19873,0.067014687
China,2004,1302100316.0,7830950000000.0,5210.961426,4.001966,3835.193115,839.0963135,71.52127838,362.0985718,1069.441162,418.3154602,6840.59082,0.069425218
China,2005,1310027135.0,8602940000000.0,5881.990723,4.489976406,4424.239746,850.1762695,84.95716858,411.6434021,1119.984009,435.4143066,7551.542969,0.07212545
China,2006,1318054030.0,9489540000000.0,6486.18457,4.921030998,4905.253418,898.5373535,103.7534866,462.0503845,1162.007935,447.9292908,8215.579102,0.075100146
China,2007,1325813576.0,10358200000000.0,6974.663086,5.26066637,5289.790039,927.3547363,129.5150757,506.1771545,1176.147461,458.6768188,8701.730469,0.078282572
China,2008,1333821011.0,10799100000000.0,7492.404297,5.617248535,5729.367676,970.1209717,149.6743927,516.9337158,1183.053833,462.3861389,9244.5,0.081704639
China,2009,1342522717.0,11572500000000.0,7881.490723,5.870657444,6028.871094,982.3545532,164.403595,573.5841675,1197.730591,441.753418,9644.707031,0.08530961
China,2010,1351561505.0,12858800000000.0,8610.047852,6.370444775,6569.147949,1092.572266,199.585495,628.657959,1241.241455,447.3917542,10308.9541,0.089191578
China,2011,1360250658.0,13691500000000.0,9520.15332,6.998823166,7309.639648,1123.862427,245.989975,696.4512329,1323.283813,453.9587402,11352.63477,0.093503639
China,2012,1369520866.0,14773200000000.0,9767.310547,7.131917953,7464.978516,1176.715576,277.5993042,702.5623169,1319.353027,460.6536865,11526.3291,0.097892679
China,2013,1379008040.0,15925500000000.0,9942.371094,7.20979929,7493.417969,1234.621948,320.1274414,735.5303955,1330.891113,461.9467468,11692.45508,0.102350749
China,2014,1387951970.0,17103900000000.0,9976.027344,7.187588215,7425.231445,1255.608887,370.2215576,757.1154785,1340.684692,464.4217529,11689.33008,0.106801882
China,2015,1396134171.0,18301200000000.0,9858.040039,7.060954571,7266.352051,1328.812378,380.0522156,706.2750854,1341.393188,466.8768616,11642.96777,0.111230716
China,2016,1404052628.0,19545700000000.0,9748.174805,6.942884445,7071.88623,1357.841797,421.7264099,728.1124268,1299.595215,466.1111755,11382.78125,0.115561552
China,2017,1412354730.0,20894400000000.0,10000.01367,7.080383778,7163.662109,1430.594116,486.3593445,740.5585938,1319.02063,463.7660828,11622.9248,0.119992837
China,2018,1419008954.0,22294300000000.0,10346.79004,7.29156065,7316.700195,1500.477661,575.3688965,752.7434082,1354.932983,461.2583923,11989.89551,0.124574333
China,2019,1423520357.0,23631900000000.0,10713.51465,7.526070595,7522.57666,1559.739136,630.1713867,805.947937,1373.721924,453.971405,12322.38379,0.129300386
China,2020,1426106093.0,24151800000000.0,10896.52051,7.640749931,7679.382324,1523.05835,676.4730835,828.710022,1398.961548,455.3865662,12524.05078,0.13410525
China,2021,1426437269.0,26180600000000.0,11284.40137,7.910899162,8004.203125,1521.109131,765.3323975,802.4849854,1450.485718,465.8008423,12958.4707,0.139077842
China,2022,1425179562.0,26966000000000.0,11711.80762,8.217776299,8468.947266,1559.720825,773.2247925,718.7768555,1513.474609,464.3824158,13446.91992,0.144242674
China,2023,1422584930.0,,12172.00879,8.556261063,8740.890625,1729.580322,828.8969116,681.6880493,1541.530762,471.6366882,13934.4043,0.149611145
China,2024,1419321284.0,,12289.03711,8.658390045,8886.020508,1705.385742,889.4063721,617.7518921,1590.674072,475.5335388,14107.00684,0.155033439
France,1990,56990239.0,1636210000000.0,394.9043274,6.929332733,80.69015503,234.7050171,59.21107483,10.93729877,89.57191467,56.18400574,584.7510376,0.011862136
France,1991,57271564.0,1654070000000.0,419.1187134,7.31809473,86.24111176,246.2750854,66.87496185,10.38608074,89.05345154,61.59972,638.3774414,0.012081772
France,1992,57554867.0,1681420000000.0,408.4329834,7.096411228,78.03835297,244.388504,67.82161713,9.343435287,88.00883484,61.18636703,604.3283081,0.012286731
France,1993,57801261.0,1672000000000.0,388.8897095,6.728048801,63.12709808,240.4976807,67.96924591,8.591869354,86.83119965,60.27836227,557.989563,0.012471762
France,1994,57999868.0,1712090000000.0,381.9031067,6.584551334,61.80884552,234.584671,67.51425934,8.775432587,86.11663818,60.22379303,531.3545532,0.012645144
France,1995,58192207.0,1748660000000.0,386.9588013,6.649667263,62.97673035,237.3697968,68.70478821,8.635399818,86.01791382,62.74132919,523.8187256,0.012814043
France,1996,58380638.0,1773840000000.0,403.3519287,6.909001827,65.33269501,244.4215546,75.82954407,8.435577393,86.10306549,64.70687103,531.8513184,0.012985636
France,1997,58568662.0,1816390000000.0,396.0231323,6.76169014,61.29009628,242.028183,75.10449219,8.11145401,84.94940948,59.00232697,506.3716125,0.013148844
France,1998,58778817.0,1882050000000.0,414.3569946,7.049427032,71.29431152,248.0683441,76.8637085,8.686272621,84.63848877,48.88360214,507.6008301,0.013317303
France,1999,59084209.0,1949850000000.0,413.0702515,6.991212368,66.40955353,248.5211334,80.74757385,8.386277199,84.36475372,46.53828812,495.1765442,0.013481345
France,2000,59483716.0,2031680000000.0,407.4446411,6.849683762,65.75019073,239.7631378,84.30702209,8.56092453,86.39652252,45.74967194,483.1109009,0.013639394
France,2001,59905131.0,2077790000000.0,411.5916443,6.870724678,56.10049438,249.5730591,88.42961884,8.655329704,86.25666809,45.09805679,478.6356201,0.013795784
France,2002,60327247.0,2107320000000.0,407.0265808,6.746977806,58.58644867,243.2472382,87.93972778,8.642742157,84.89481354,43.65507126,471.0307922,0.013950013
France,2003,60741119.0,2130940000000.0,412.9890747,6.79916811,59.19772339,245.0635071,91.62442017,8.555680275,83.60430908,43.39399338,476.791748,0.014107534
France,2004,61175244.0,2196880000000.0,414.072998,6.768636703,58.22472763,244.9222412,93.18244171,9.064842224,82.77120209,43.02358627,477.9303894,0.01426611
France,2005,61625031.0,2238790000000.0,416.342926,6.75606823,62.0317421,241.9081573,94.86151886,9.10828495,81.85260773,41.53349686,477.9564209,0.014425783
France,2006,62049831.0,2297020000000.0,406.6690369,6.553910255,59.48373413,236.7766876,92.27431488,9.307099342,80.95383453,40.26739502,466.4526672,0.01458125
France,2007,62432438.0,2354670000000.0,396.4611816,6.350243568,61.34874725,227.4523926,89.10121918,9.477920532,80.86512756,40.84932709,457.9414063,0.014732663
France,2008,62780187.0,2362450000000.0,389.7943115,6.208874702,56.16719437,223.5177612,92.0164032,8.879584312,81.13439941,39.52780533,452.3292542,0.014882022
France,2009,63106460.0,2295350000000.0,371.4042053,5.885359287,45.16118622,219.508316,90.66532135,7.679228783,79.83634186,37.99401474,433.1171875,0.015024004
France,2010,63417366.0,2342490000000.0,377.0793762,5.945995808,49.07104874,215.8544617,96.13375854,7.887541771,79.8013916,38.56100082,442.9291687,0.015170165
France,2011,63733776.0,2393400000000.0,355.1268005,5.572034836,42.16914749,208.9069214,87.8496933,8.065247536,77.4330368,37.28735352,417.795929,0.015306649
France,2012,64058465.0,2400900000000.0,358.1002502,5.590209961,46.93057251,205.3543396,90.83686066,7.501860142,76.66746521,38.00568008,425.8893738,0.015446798
France,2013,64387736.0,2414730000000.0,360.0133362,5.591333866,49.66350937,204.2866974,91.38644409,7.29955101,76.52967834,38.84413147,432.7045898,0.0155897
France,2014,64692495.0,2437820000000.0,327.8087769,5.067183971,39.54762268,197.6407166,76.45375061,6.974619865,75.53873444,38.85250473,401.9171753,0.015719181
France,2015,64916337.0,2464950000000.0,332.131012,5.116292953,38.02448654,199.230835,81.39167023,6.606093884,74.12834167,39.57055283,407.6758728,0.015851567
France,2016,65086853.0,2491960000000.0,335.4963684,5.154595375,36.01563263,196.8956757,89.26071167,6.639022827,74.13337708,38.05055618,412.2255249,0.015986685
France,2017,65284775.0,2549060000000.0,338.368042,5.182954788,39.99650574,195.911438,89.40623474,6.483218193,73.87986755,39.44469833,427.9204712,0.016128356
France,2018,65519537.0,2596600000000.0,323.1017151,4.931379795,35.12624359,189.446106,84.88973999,6.701300144,73.92350006,37.93837357,399.2430115,0.01625777
France,2019,65729460.0,2644450000000.0,316.3208008,4.812466145,29.42603874,187.2848816,86.38729095,6.806672096,71.5136261,37.29032516,413.0970459,0.016394803
France,2020,65905273.0,2438590000000.0,281.5154724,4.2715168,23.85449409,165.5433044,80.0654068,6.197228909,68.69743347,36.38292694,363.7964478,0.01651131
France,2021,66083547.0,2604820000000.0,307.2718506,4.649747849,30.47172928,179.1218567,85.4017868,6.494589806,67.5542984,36.34250641,387.6020508,0.016639071
France,2022,66277412.0,2671570000000.0,295.3038025,4.455572605,26.19896507,179.2549286,77.65556335,6.396731853,65.7209549,34.06424713,369.8029785,0.016760666
France,2023,66438828.0,,270.2626648,4.067842007,19.54222107,172.2289276,67.15711212,5.675237179,64.89099121,33.54286957,345.134552,0.016871762
France,2024,66548532.0,,264.1556091,3.969367981,19.4693718,170.692215,62.69856644,5.675237179,62.80893707,32.58050156,337.8764648,0.016980961
Germany,1990,79707963.0,2015550000000.0,1054.795898,13.23325634,569.1166992,333.3242493,122.2814178,15.29726791,147.8754272,71.22766876,1261.087402,0.030412134
Germany,1991,80303190.0,2141320000000.0,1016.929504,12.66362572,504.0426025,355.3114319,130.1461182,13.74115086,141.4080048,72.75521088,1217.409302,0.030863924
Germany,1992,80934901.0,2204950000000.0,969.4644165,11.97832394,454.3105164,357.9809875,129.2997894,14.44400024,134.4322662,69.86720276,1166.561646,0.031297255
Germany,1993,81486771.0,2206290000000.0,959.3858643,11.77351665,430.7761536,364.6286011,136.2519836,14.53125381,129.1062622,66.72182465,1150.584595,0.03172721
Germany,1994,81773613.0,2283950000000.0,943.2276611,11.53462124,418.1850281,353.8125,142.1498871,15.34062672,124.6234207,70.54058075,1132.33313,0.032149244
Germany,1995,82019890.0,2347760000000.0,939.9335938,11.45982456,406.0462036,351.7001953,152.970459,15.562397,123.3094025,67.19424438,1123.858643,0.032569557
Germany,1996,82263195.0,2391520000000.0,959.6901245,11.66609287,400.6127014,361.0568542,169.9563141,14.81107807,120.0145111,69.27976227,1143.87146,0.03299943
Germany,1997,82389631.0,2461050000000.0,931.5081177,11.30613232,386.8644409,353.069458,162.8764343,15.2749691,115.5616608,66.37121582,1109.389526,0.033417091
Germany,1998,82011933.0,2535900000000.0,923.4986572,11.26054001,377.4798889,351.9139099,165.3770905,15.54456425,109.8061981,51.34283447,1078.612549,0.033830248
Germany,1999,81678279.0,2613180000000.0,895.4420166,10.96303749,360.0521851,340.846283,165.6270905,15.77109241,106.7649841,49.71998978,1044.600708,0.034230191
Germany,2000,81797255.0,2718560000000.0,898.975769,10.99029255,373.4605408,330.774353,166.4205017,15.25287819,100.7498932,49.64099503,1042.310791,0.034631848
Germany,2001,81933882.0,2793370000000.0,915.2547607,11.17065048,376.5203247,338.8708801,173.7993774,13.50401592,96.95263672,47.46178818,1053.208496,0.035041101
Germany,2002,82068328.0,2822440000000.0,898.8342896,10.95226765,375.7861023,324.4132385,173.6095581,12.822649,93.47005463,46.37650681,1034.082153,0.035443801
Germany,2003,82111619.0,2831680000000.0,894.5010986,10.89372158,378.3052673,313.8465881,176.5869904,13.50714779,90.24065399,45.1832695,1027.411377,0.035845488
Germany,2004,82092706.0,2894620000000.0,876.5698242,10.67780399,374.9078369,301.2081909,174.3269958,14.06833839,87.16136169,44.70298767,1007.236389,0.036239691
Germany,2005,82046733.0,2945460000000.0,867.8804932,10.57787991,361.9746094,305.1875305,175.9038696,13.04980373,84.11779022,43.78527069,994.2872314,0.036629848
Germany,2006,81701971.0,3086360000000.0,886.4343262,10.84960747,367.6529541,313.190979,180.1971893,13.34026051,81.35591888,42.56135559,1010.108032,0.037028924
Germany,2007,81298546.0,3220280000000.0,846.1529541,10.40797138,376.7151489,268.9238892,173.8514709,14.44907379,81.57077789,42.88386154,972.6513672,0.037410893
Germany,2008,81110780.0,3289020000000.0,856.6425171,10.56138897,353.5813293,296.4303894,180.9949493,13.57851601,79.66217041,41.26757431,978.9973755,0.037797302
Germany,2009,80935276.0,3136500000000.0,789.9839478,9.760687828,316.2799072,282.4380798,168.3994751,12.55900669,77.14189148,40.6432724,905.8054199,0.038152169
Germany,2010,80830916.0,3301120000000.0,826.7047119,10.22758007,341.3112183,277.1535034,184.8747711,12.43149185,76.00130463,40.97013855,944.3153687,0.038524747
Germany,2011,80857877.0,3467710000000.0,804.5415649,9.950070381,339.6244812,270.80896,169.3988495,13.39326477,74.45560455,39.8736496,917.0619507,0.038886238
Germany,2012,80916391.0,3482230000000.0,814.0930176,10.06091595,350.0393066,271.9451599,167.8395386,13.28864098,73.01705933,40.13568497,928.3649292,0.03925335
Germany,2013,81041581.0,3497460000000.0,831.7455444,10.26319504,357.2538452,280.3955383,170.269043,12.50297928,71.5337677,40.87496948,946.1552734,0.039628811
Germany,2014,81376078.0,3574740000000.0,792.5836182,9.739761353,344.7224731,271.6025696,151.988678,12.90459156,70.31719971,41.64067078,905.6984863,0.039986253
Germany,2015,82077546.0,3628070000000.0,800.8225098,9.756901741,341.1174622,278.8614807,157.1121216,12.62555408,69.26731873,40.71670151,911.1416016,0.040347036
Germany,2016,82760102.0,3708980000000.0,797.9882813,9.642186165,329.4356384,275.7037964,169.1694489,12.662714,67.72483063,39.92163086,907.1774292,0.040707085
Germany,2017,83104010.0,3808390000000.0,784.5951538,9.441122055,312.6923218,275.5064392,172.0454865,13.40814781,67.43343353,38.64588165,891.5689697,0.041060813
Germany,2018,83368507.0,3845760000000.0,758.7713623,9.10141468,296.870636,268.0942688,169.7602997,13.22790051,65.03610992,37.49714279,859.2144775,0.041401569
Germany,2019,83559184.0,3886390000000.0,708.6489868,8.480802536,240.1139679,271.9332275,172.7621765,13.28664017,63.04260254,37.33751297,808.0007324,0.04172023
Germany,2020,83628711.0,3742720000000.0,647.1768188,7.738691807,198.5301971,254.4648285,170.9634094,13.35749054,61.0449028,36.14317322,743.8162842,0.042011425
Germany,2021,83697080.0,3841040000000.0,677.9976807,8.100613594,232.1385956,240.5248413,181.3095703,13.64021683,60.24533844,35.4397049,774.7628784,0.04231723
Germany,2022,84086227.0,3909610000000.0,667.8430176,7.942358971,239.4275513,247.016571,158.6851196,12.53795719,58.91347122,34.33824158,759.7946167,0.042617396
Germany,2023,84548233.0,,593.7659912,7.022808075,186.1566772,237.4865112,150.3417664,10.76548576,57.43983459,33.06404877,683.559082,0.042884465
Germany,2024,84552234.0,,572.3191528,6.768823624,162.639389,232.9577179,157.6787872,10.28257275,56.13613892,32.15897751,659.6551514,0.043141764
India,1990,864972221.0,1750990000000.0,577.9865723,0.668214023,366.5040894,158.1666107,21.09718704,22.34791374,636.1626587,147.91362,1526.91394,0.015552952
India,1991,883927605.0,1768490000000.0,615.3881836,0.69619745,393.0657959,166.4225464,23.56318474,24.5030365,643.8408813,152.5743713,1561.427246,0.015897458
India,1992,902957075.0,1851710000000.0,655.4235229,0.725863457,411.389801,188.0557861,27.25663948,25.1561985,649.0392456,156.9691315,1632.940674,0.016269848
India,1993,922118380.0,1944350000000.0,677.262085,0.734463274,433.0852051,186.8777008,26.99621582,26.60235405,647.9447632,160.8227386,1638.294312,0.016643407
India,1994,941163772.0,2055030000000.0,714.0427856,0.758680701,455.698822,198.9552002,28.99689674,28.54007912,653.5655518,166.6681976,1675.791504,0.017028689
India,1995,960301046.0,2189540000000.0,760.4801636,0.791918516,471.7411194,216.2812805,39.05073547,31.10378838,661.916687,170.2354889,1712.602661,0.017425179
India,1996,979678460.0,2345230000000.0,823.6021729,0.840686202,504.4785767,243.1613617,39.74707031,34.07936478,668.736145,175.1077881,1817.628662,0.017863702
India,1997,999133764.0,2426800000000.0,857.975769,0.858719587,527.6854858,244.2029114,46.02368927,37.41815948,676.0013428,179.7504425,1831.316528,0.018303026
India,1998,1018665080.0,2567850000000.0,875.7833862,0.859736323,524.1363525,262.8919983,47.5953598,39.02647018,679.5773926,183.6092834,1855.812988,0.018750032
India,1999,1038225822.0,2710350000000.0,961.1938477,0.925804257,560.4650879,301.4694214,52.61870575,44.59247971,684.0289307,187.0635071,1939.572754,0.019231198
India,2000,1057922731.0,2804480000000.0,987.0650635,0.933021903,572.902832,313.4408569,52.79091263,45.95701218,685.31604,183.7871094,2005.885132,0.019743122
India,2001,1077898579.0,2940750000000.0,1001.198425,0.928842843,582.1105957,317.3631287,53.12818527,46.73965836,689.9623413,186.5876007,2000.273438,0.020249166
India,2002,1097600380.0,3024980000000.0,1032.750366,0.940916538,598.5387573,325.8894043,57.60887146,49.11123657,683.4075317,180.2881012,1994.0448,0.020758193
India,2003,1116803000.0,3251110000000.0,1068.397949,0.956657469,625.8329468,331.3327026,58.56537628,50.88007736,695.3150024,186.55336,2059.555664,0.021288538
India,2004,1135991509.0,3495020000000.0,1134.610962,0.998784721,669.9928589,348.9924011,58.31603622,55.54466629,705.3917236,193.0834198,2129.202148,0.021842768
India,2005,1154676321.0,3752630000000.0,1195.393311,1.035262704,721.4963379,353.1496887,59.35680008,59.68656921,721.8935547,201.7008972,2205.412842,0.022420006
India,2006,1172878888.0,4069860000000.0,1293.321411,1.102689743,773.5512695,370.5438843,82.57962036,64.90540314,733.2833862,211.7075348,2324.594482,0.02304128
India,2007,1190676028.0,4403220000000.0,1393.485229,1.17033112,842.5357666,392.817749,87.95613098,68.33326721,749.8267212,222.4925232,2485.674072,0.023722785
India,2008,1207930960.0,4649550000000.0,1490.366455,1.233817577,910.753418,414.2041321,90.27657318,73.24472809,764.1153564,227.3040466,2641.331299,0.024465786
India,2009,1225524764.0,4993480000000.0,1613.327637,1.316438198,983.9468994,433.7709045,112.4631042,81.26795959,762.3222656,233.9411926,2738.049805,0.025250161
India,2010,1243481565.0,5361370000000.0,1678.529541,1.349862814,1015.983032,440.6919861,134.1211548,86.02924347,769.3417358,242.1277618,2848.131104,0.026077259
India,2011,1261224956.0,5720690000000.0,1765.694824,1.399984121,1074.38501,461.3699951,135.9772034,91.3144989,781.0370483,251.8114777,2950.343018,0.026940759
India,2012,1278674501.0,6052430000000.0,1926.986328,1.507018685,1206.451782,491.147522,125.5576935,100.2371597,783.911377,254.2868347,3164.009766,0.027898071
India,2013,1295829507.0,6424470000000.0,1995.337158,1.539814591,1276.383301,498.3144531,109.5539932,107.8198395,758.2211914,255.6230927,3124.772461,0.02884868
India,2014,1312277184.0,6875190000000.0,2148.052002,1.636888862,1407.057007,513.8397217,107.8009949,115.8248978,765.8579102,259.7887268,3216.866943,0.029835448
India,2015,1328024494.0,7391520000000.0,2231.817383,1.68055439,1449.586548,557.5231323,103.0624237,117.5079117,773.4505615,263.3338623,3290.423096,0.030850323
India,2016,1343944296.0,8057470000000.0,2352.540039,1.750474453,1499.401123,616.1124268,109.9890976,123.281311,781.6264648,262.2539063,3365.010986,0.031895593
India,2017,1359657398.0,8550030000000.0,2425.721924,1.784068465,1551.256104,634.1159668,116.4794922,121.0472412,786.6005859,267.2357788,3415.988525,0.032959335
India,2018,1374659067.0,9173200000000.0,2595.227051,1.887906075,1668.317871,658.7147217,126.7396545,138.9648895,800.1253662,275.2191772,3616.201416,0.03410355
India,2019,1389030307.0,9595460000000.0,2611.174561,1.879854321,1661.940063,677.883667,125.2325058,143.6641388,800.1787109,282.6379089,3613.000977,0.035242964
India,2020,1402617694.0,8945310000000.0,2422.731934,1.727293253,1561.79895,607.5351563,127.6837006,122.9082031,807.8347778,289.3981018,3436.429199,0.036296368
India,2021,1414203896.0,9801620000000.0,2675.778076,1.89207375,1767.296509,623.4846191,133.191864,149.0334625,821.0527954,290.3891907,3697.615234,0.037460994
India,2022,1425423209.0,10476200000000.0,2831.131592,1.986169219,1855.854126,684.0137329,124.0087051,164.3314972,835.673584,298.3319092,3869.995361,0.038693085
India,2023,1438069597.0,,3062.756348,2.129769325,2032.047607,718.1830444,132.4195862,177.2386627,847.6365967,305.944397,4121.423828,0.040029585
India,2024,1450935785.0,,3193.478027,2.200978279,2108.032715,747.3328247,149.3521576,185.9696655,859.2943115,310.004364,4262.410645,0.041422497
Japan,1990,123399767.0,3699820000000.0,1154.853271,9.358633995,311.2423401,668.2441406,118.2876587,38.70110321,53.87575531,31.50789452,1228.266724,0.015075521
Japan,1991,123889870.0,3824680000000.0,1166.55249,9.416044235,311.2155151,670.6105347,126.4423141,40.34674454,53.76009369,32.02945328,1236.135864,0.015593553
Japan,1992,124383707.0,3856520000000.0,1175.454346,9.450227737,305.8632813,683.2983398,127.8869019,41.66579056,53.39715576,33.76193237,1246.27063,0.016115533
Japan,1993,124839955.0,3860870000000.0,1169.328003,9.366616249,311.4710693,669.6130981,130.6792755,41.22449493,52.86060715,34.20219421,1240.835205,0.016635109
Japan,1994,125286861.0,3893220000000.0,1223.158325,9.762861252,319.1961365,708.421875,137.1266174,42.29711533,53.02373123,36.87546158,1296.69397,0.017178562
Japan,1995,125672659.0,3997430000000.0,1235.873169,9.834065437,328.9683838,706.0996094,142.0709534,42.14202881,51.70654678,37.05733871,1306.026245,0.017726729
Japan,1996,125975304.0,4118880000000.0,1248.690063,9.912180901,337.7967224,703.9744263,147.8138733,42.55953979,49.94355774,39.64482117,1323.473999,0.01828238
Japan,1997,126265926.0,4160710000000.0,1240.980347,9.828307152,343.383728,688.6390381,152.4821167,39.92608261,47.6675415,39.24843979,1306.707764,0.018831687
Japan,1998,126549182.0,4111250000000.0,1201.334351,9.493023872,321.2863464,673.0565796,155.7997589,35.36259842,45.10779953,39.51015854,1268.278564,0.019364722
Japan,1999,126801566.0,4098280000000.0,1238.120972,9.764240265,339.1560059,682.6544189,165.305069,35.01012421,43.95085144,36.91338348,1297.199341,0.01991247
Japan,2000,127027794.0,4209650000000.0,1260.203003,9.920686722,365.7315063,672.7585449,170.0698242,35.08574295,42.95307159,28.38685036,1320.890015,0.020475177
Japan,2001,127260144.0,4224160000000.0,1245.935181,9.790458679,374.7449036,651.3632813,169.1644135,34.37418365,41.53947449,27.87595558,1296.369629,0.021027708
Japan,2002,127484599.0,4226580000000.0,1275.420288,10.00450516,392.0480042,662.1641235,173.0103455,32.41725159,40.55312347,27.14144707,1320.562744,0.021591909
Japan,2003,127671254.0,4288490000000.0,1283.844971,10.05586529,405.7250366,652.1771851,178.3041382,31.93527222,39.71417236,26.88771248,1327.355347,0.022159662
Japan,2004,127815769.0,4380400000000.0,1279.121582,10.0075407,413.6135559,640.8978882,177.2196198,31.2761898,39.44437408,26.43739128,1320.233643,0.022724532
Japan,2005,127913331.0,4450600000000.0,1286.412231,10.05690575,424.1878967,637.7958374,175.6513977,32.27964783,38.9462204,25.51383591,1329.969604,0.023294425
Japan,2006,127997247.0,4514230000000.0,1263.44043,9.870840073,421.1748962,601.0458984,192.2952271,31.99087334,38.58787537,24.61656761,1303.415894,0.023852926
Japan,2007,128087683.0,4590810000000.0,1298.973511,10.14128399,438.5890198,603.4075928,208.764328,30.65834999,38.62925339,24.37841606,1341.750366,0.024428779
Japan,2008,128155992.0,4542410000000.0,1228.686768,9.587430954,420.3108826,559.2575684,204.1331787,28.55256081,36.2146759,22.50670815,1269.168213,0.024973877
Japan,2009,128192471.0,4298100000000.0,1160.252808,9.050865173,406.0140991,512.7789917,201.8847351,25.30848122,35.79970551,20.883358,1193.447021,0.025485793
Japan,2010,128185273.0,4480300000000.0,1211.090332,9.447967529,440.1408386,517.8530273,212.9885864,24.3212719,35.99892044,21.47204971,1245.828125,0.026020942
Japan,2011,128096430.0,4468740000000.0,1261.180542,9.845555305,424.8235779,548.5930176,247.5373077,24.9828968,34.9226265,20.54234886,1303.185913,0.026582826
Japan,2012,127928283.0,4530170000000.0,1302.112549,10.17845726,444.2590332,560.1088257,256.6808777,25.62479591,34.06424332,20.55023575,1344.788086,0.027163826
Japan,2013,127723642.0,4621010000000.0,1311.87561,10.27120399,475.2992554,537.8608398,256.1334839,26.8052063,33.94293213,20.68915939,1351.01001,0.02774762
Japan,2014,127486601.0,4634690000000.0,1260.272339,9.885528564,466.6174316,493.2062073,258.2153015,26.55737305,32.73854828,20.28656387,1300.115845,0.02830922
Japan,2015,127275868.0,4707030000000.0,1219.982422,9.585339546,460.1576538,472.9521179,246.0913391,25.93614006,31.98280334,19.92392159,1259.684082,0.028853115
Japan,2016,127159950.0,4742510000000.0,1199.932983,9.436406136,451.6535034,456.4619751,251.2024841,25.96946907,31.67683411,19.70955658,1239.42688,0.029388122
Japan,2017,127064686.0,4821960000000.0,1184.391724,9.321170807,453.7236938,444.2877808,245.3226166,26.42877769,31.59856415,19.82530022,1228.574707,0.029918225
Japan,2018,126913432.0,4852990000000.0,1138.549805,8.971074104,436.7226257,427.7851257,233.5237274,26.18294334,30.93556213,19.32367706,1183.457275,0.030428536
Japan,2019,126699421.0,4833470000000.0,1102.062988,8.69824791,427.6480103,411.8532715,223.8047485,25.32800674,30.32298851,19.13897705,1142.431885,0.030920731
Japan,2020,126304533.0,4626660000000.0,1037.284668,8.212569237,395.0415649,383.1715698,222.2133026,24.4902668,29.72237778,18.74432945,1080.602783,0.03138553
Japan,2021,125679342.0,4725880000000.0,1058.501831,8.422242165,421.4638977,387.7377319,211.7471313,24.39560509,29.53980637,19.05821419,1105.302124,0.031861395
Japan,2022,124997585.0,4774490000000.0,1029.644897,8.237318993,403.6234436,388.9247437,202.0254059,22.47916031,29.66389465,18.56841278,1077.863281,0.032325063
Japan,2023,124370947.0,,986.9101563,7.93521452,386.8386536,370.8233643,196.4403534,20.75585938,28.97722626,17.99715996,1031.841309,0.032768577
Japan,2024,123753041.0,,961.8673096,7.772474289,380.9724426,353.5925293,195.2986755,20.30444145,28.82025719,17.96355438,1007.15918,0.033201061
United Kingdom,1990,57367867.0,1505690000000.0,601.9450684,10.49272251,252.6896667,217.7998047,113.5176239,7.295262814,134.6912231,39.55312347,784.0563965,0.028038824
United Kingdom,1991,57555199.0,1488080000000.0,609.4126587,10.58831692,253.6225128,218.3903351,121.6934128,5.994175911,137.4519196,38.73732376,792.3847046,0.028316313
United Kingdom,1992,57719273.0,1491750000000.0,593.8459473,10.28852081,237.746933,218.4467621,122.2955093,5.456386089,132.8823395,37.918396,762.5100708,0.028582776
United Kingdom,1993,57861037.0,1527510000000.0,579.6125488,10.01732063,207.6858521,219.1631775,137.590683,5.524921894,128.3865967,37.6355629,745.050415,0.02884353
United Kingdom,1994,58003200.0,1585370000000.0,574.0169067,9.896297455,195.3756256,215.7363129,145.4552917,6.367809772,122.8155975,37.35836029,736.7471313,0.029103177
United Kingdom,1995,58154632.0,1623860000000.0,566.1589355,9.735404968,181.6992645,211.595047,154.2537842,6.284903049,126.4294128,37.02659225,741.1000366,0.029363304
United Kingdom,1996,58298563.0,1663450000000.0,586.7606812,10.06475449,173.0715179,216.8924561,177.542511,6.41644907,124.8232727,37.93594742,764.9230957,0.029634476
United Kingdom,1997,58447091.0,1713860000000.0,562.7081299,9.627650261,154.728653,207.7433472,182.8867493,6.710493088,122.6220322,36.88741302,731.1474609,0.029891901
United Kingdom,1998,58626822.0,1766620000000.0,568.5437012,9.69767189,154.0878448,204.9338837,191.3613739,6.838169098,114.5689545,36.62957001,722.0146484,0.030148955
United Kingdom,1999,58838663.0,1823340000000.0,561.6495972,9.54558754,138.3134003,201.6630249,205.2312469,6.530860901,106.5747833,37.56529236,706.6206665,0.030402254
United Kingdom,2000,59057333.0,1889570000000.0,569.0336914,9.635274887,144.4430847,198.2379608,210.131012,6.331883907,100.3039017,35.66376114,710.4658813,0.030660966
United Kingdom,2001,59288095.0,1939270000000.0,577.9705811,9.748509407,153.5336609,198.6507568,210.1603546,5.843838215,97.01139832,34.32576752,715.180542,0.030923888
United Kingdom,2002,59540764.0,1983990000000.0,560.2731934,9.409910202,141.6910858,196.1303406,207.0303802,5.988265038,92.25950623,33.99705505,693.5421143,0.031179352
United Kingdom,2003,59820385.0,2050630000000.0,571.6187744,9.555584908,153.1027832,194.3973541,208.462265,5.867548943,87.61973572,33.59755325,701.8428955,0.031440824
United Kingdom,2004,60169964.0,2099530000000.0,573.4297485,9.530166626,147.6622925,197.9522858,211.7341766,5.976630211,83.16459656,33.45553207,701.9708252,0.031704422
United Kingdom,2005,60596107.0,2161730000000.0,570.3383789,9.412128448,148.0326538,200.4476624,205.4378357,5.941163063,76.79823303,32.05343246,714.8998413,0.031977344
United Kingdom,2006,61051093.0,2212620000000.0,567.8456421,9.301154137,160.8437653,197.1831055,194.1264038,5.892779827,71.09010315,31.32862282,695.7753296,0.032244548
United Kingdom,2007,61535859.0,2267630000000.0,559.5664673,9.09333992,150.8435059,196.1602631,196.519577,6.117014885,66.37122345,31.06476402,677.4961548,0.032505766
United Kingdom,2008,62027303.0,2252030000000.0,544.9324341,8.785364151,139.219101,188.79953,202.654953,5.2048769,61.30854034,30.56222534,652.7774048,0.032758359
United Kingdom,2009,62506222.0,2151480000000.0,494.1076965,7.904936314,113.8231506,180.2638855,188.0704803,3.721209049,58.19169998,29.21850014,595.1366577,0.032986999
United Kingdom,2010,63006482.0,2190920000000.0,511.9045715,8.124633789,118.030365,179.8484192,201.927124,3.792010069,53.28326035,29.91044426,608.7522583,0.033223674
United Kingdom,2011,63509285.0,2223010000000.0,469.7133179,7.395978451,117.1496735,172.0597382,168.2355499,4.096816063,51.07107162,29.74668884,565.5466309,0.033441961
United Kingdom,2012,63960488.0,2255210000000.0,487.4767761,7.621530056,148.0054626,170.2883606,158.2398987,3.723953962,49.9583931,29.80737877,584.8934326,0.033669434
United Kingdom,2013,64389386.0,2296250000000.0,477.6112671,7.417546272,142.4565735,165.756485,157.6222229,4.029109955,47.80311584,29.74744797,571.725708,0.033891976
United Kingdom,2014,64865914.0,2369730000000.0,438.8070679,6.764832973,115.4335403,166.5106964,144.4922028,4.214814186,46.74042892,30.52445602,530.8342896,0.03409623
United Kingdom,2015,65382107.0,2426440000000.0,422.4607849,6.461412907,91.54801941,170.7725525,147.8993988,4.393361092,46.30399704,30.51771355,518.7713623,0.03429525
United Kingdom,2016,65893359.0,2478970000000.0,399.4301453,6.061766148,47.82461548,173.9302826,165.7420349,4.553320885,45.94203949,30.20859337,494.1396179,0.034483481
United Kingdom,2017,66354473.0,2539550000000.0,387.3671265,5.837845325,39.12879944,174.8506165,161.6973724,4.409790039,46.5743103,30.52480507,477.8525391,0.034663953
United Kingdom,2018,66752473.0,2582850000000.0,379.7297668,5.688624382,33.28025055,173.0871124,161.48526,4.363947868,46.39525223,30.15115166,475.2715454,0.034843512
United Kingdom,2019,67110958.0,2624290000000.0,364.7532654,5.435077667,24.51270485,168.9955292,159.3208466,4.448499203,45.68635559,30.28465843,453.9931641,0.035013743
United Kingdom,2020,67351860.0,2334800000000.0,326.2632141,4.84416008,22.80940437,143.9809265,149.4200897,3.899688005,44.52765274,28.93227196,411.7736206,0.035166096
United Kingdom,2021,67668788.0,2512190000000.0,342.3655701,5.059431076,23.75847244,149.626358,158.5030365,4.215151787,44.92172623,29.73016548,425.7680664,0.035324212
United Kingdom,2022,68179315.0,2615230000000.0,311.1180115,4.563231945,19.97908783,146.3343658,135.0473633,4.045100212,44.67426682,28.92208099,392.1318359,0.035467658
United Kingdom,2023,68682965.0,,307.8261414,4.481841087,17.91428375,154.6838989,125.7661362,3.514869928,44.02278519,28.32746506,386.6105957,0.035609178
United Kingdom,2024,69138185.0,,312.9055481,4.525799274,16.94800568,159.6000366,126.6200256,3.624125957,43.81240082,28.06195641,390.2754211,0.035752565
United States,1990,253373387.0,9250380000000.0,5131.760742,20.25374794,1781.824097,2139.345703,1004.974854,33.4841423,865.6843262,250.7355042,6489.288086,0.161025777
United States,1991,256471424.0,9224690000000.0,5076.412598,19.79328728,1764.220703,2082.099121,1023.331604,32.73646545,858.307373,247.2863464,6393.464355,0.163407058
United States,1992,259606021.0,9552660000000.0,5178.769531,19.94857216,1780.598877,2130.48877,1058.592529,32.99297714,861.0065308,254.8619537,6464.021484,0.165815473
United States,1993,262633229.0,9814940000000.0,5279.52002,20.10225487,1847.29187,2144.156494,1090.165771,34.83797455,860.6378174,257.6665649,6552.800293,0.16826278
United States,1994,265474811.0,10211200000000.0,5361.863281,20.197258,1855.937744,2181.84375,1114.33374,36.31043243,866.2369385,266.8611145,6686.332031,0.170763552
United States,1995,268205796.0,10488900000000.0,5425.837402,20.23012733,1875.786865,2174.303467,1163.186157,37.07527924,849.7556763,266.6089783,6642.141602,0.173251957
United States,1996,270860695.0,10887000000000.0,5601.094238,20.67887306,1951.815063,2257.022705,1181.318481,37.30889511,843.4385376,273.5874939,6806.675781,0.175814167
United States,1997,273468014.0,11375600000000.0,5673.143555,20.74518204,1992.723267,2273.81543,1186.716675,38.56074524,839.5232544,272.1269836,6885.408691,0.178414255
United States,1998,276119323.0,11881800000000.0,5736.359863,20.77493095,2018.609131,2320.080078,1165.55896,39.46087265,823.2644043,270.7914734,6926.781738,0.181040883
United States,1999,278785482.0,12438400000000.0,5800.28125,20.80553436,2013.119995,2374.201416,1168.759033,40.23872375,809.276001,268.9568176,7014.896484,0.18371433
United States,2000,281484126.0,12947400000000.0,6023.157715,21.39785957,2122.339844,2440.404785,1227.528687,41.44530869,799.6802979,268.4337769,7217.240234,0.186483458
United States,2001,284279634.0,13073800000000.0,5903.562012,20.76674271,2054.728516,2448.62207,1173.162231,41.61336517,776.1088257,261.5634766,6976.34375,0.189157799
United States,2002,287084335.0,13307300000000.0,5947.819336,20.71802139,2060.072021,2443.822998,1212.08667,43.16387177,757.5716553,257.6932068,7059.111328,0.191879511
United States,2003,289908091.0,13680900000000.0,6006.439941,20.71842766,2100.323242,2505.134277,1176.551147,43.34910202,764.5252686,263.6917725,7245.448242,0.194679305
United States,2004,292786248.0,14198900000000.0,6111.544922,20.87374306,2115.292725,2571.107422,1177.52771,45.88557816,765.3320923,263.2810669,7314.66748,0.197510079
United States,2005,295716666.0,14673800000000.0,6126.90332,20.71883011,2139.954346,2584.129883,1160.660522,46.19412231,772.6548462,261.767395,7428.800293,0.200389653
United States,2006,298730208.0,15065200000000.0,6045.326172,20.23674202,2103.871094,2550.540039,1146.714111,46.85074234,785.0229492,265.7720032,7064.877441,0.203097954
United States,2007,301844223.0,15333200000000.0,6121.54248,20.28046989,2130.169189,2538.968018,1221.593018,45.50888062,793.9393921,266.411377,7181.515625,0.20585449
United States,2008,304970325.0,15288600000000.0,5919.221191,19.40917206,2096.887939,2370.622803,1229.733276,41.41565323,810.6403809,254.7557068,7074.333496,0.208560467
United States,2009,308023452.0,14864000000000.0,5486.104004,17.81067085,1842.391724,2243.789795,1211.965576,29.6146431,772.4828491,250.1256409,6577.917969,0.211062178
United States,2010,311062785.0,15239600000000.0,5669.25,18.22542,1946.510254,2258.292725,1266.778076,31.44923592,756.1865845,256.389679,6823.522949,0.213679016
United States,2011,314105075.0,15477900000000.0,5538.973145,17.63414192,1840.24292,2212.685791,1287.588501,32.20835876,764.3828125,255.9789886,6523.639648,0.216157287
United States,2012,317115349.0,15830900000000.0,5331.467285,16.81239128,1625.427246,2152.244141,1344.718506,35.27034378,749.6411133,249.9136658,6388.70752,0.21858418
United States,2013,320110752.0,16122500000000.0,5473.436035,17.09856987,1684.671753,2178.417236,1381.182861,36.36922836,748.0667114,254.2433319,6488.664551,0.221054822
United States,2014,323115377.0,16491300000000.0,5531.385254,17.11891747,1682.162231,2210.569092,1411.354858,39.43901825,763.2147217,252.4674988,6610.766602,0.223574445
United States,2015,326126496.0,16937600000000.0,5368.496582,16.46139336,1446.990234,2235.988037,1444.047241,39.90729141,754.8886719,249.6642609,6408.285645,0.226007894
United States,2016,329179423.0,17220100000000.0,5245.361816,15.93465805,1319.993042,2252.270264,1451.145874,39.43901825,733.3711548,251.1821747,6308.616699,0.228405476
United States,2017,332204657.0,17606100000000.0,5195.41748,15.63920784,1277.04895,2259.156738,1424.996338,40.32353592,749.2562256,247.0687714,6319.224609,0.230802521
United States,2018,335056492.0,18124700000000.0,5361.236328,16.00099182,1224.379883,2305.441162,1577.716187,38.97074509,777.6003418,249.1985168,6466.737305,0.233252272
United States,2019,337790069.0,18540600000000.0,5235.912109,15.5004921,1043.89624,2299.820068,1632.055664,40.89587021,799.0618896,244.4773865,6360.786621,0.235646769
United States,2020,339436156.0,18027400000000.0,4689.953613,13.81689548,853.9247437,1991.578735,1612.504028,40.68774796,761.1742554,241.3291168,5758.455566,0.237788513
United States,2021,340161438.0,19099400000000.0,5020.11084,14.75802422,979.50354,2182.605469,1617.423828,41.3121109,789.4396362,244.9120941,6131.128906,0.240083724
United States,2022,341534041.0,19493200000000.0,5055.402832,14.80204678,916.3430176,2198.937012,1707.391357,41.88444519,801.9072876,241.4422607,6201.504395,0.242406592
United States,2023,343477330.0,,4918.406738,14.31945038,758.5720215,2199.11084,1723.424072,40.63571548,819.0606689,239.7740936,6078.455078,0.244667068
United States,2024,345426566.0,,4904.119629,14.19728661,732.8862915,2189.160889,1748.137695,37.27065659,818.3479004,239.5989532,6054.308105,0.246917069
World,1990,5327803106.0,43033600000000.0,22732.14453,4.266701221,8659.787109,9196.439453,3790.181885,492.5220032,7320.985352,2266.201904,37574.77344,0.670300901
World,1991,5418735886.0,,23205.5918,4.282473087,8574.089844,9656.487305,3851.520264,504.693634,7265.90918,2263.283447,37889.74219,0.683072448
World,1992,5505989815.0,,22520.42383,4.090167999,8361.173828,9154.655273,3901.366211,525.9216309,7268.789551,2271.714111,37455.10938,0.695643187
World,1993,5591544802.0,,22749.87305,4.068620205,8470.02832,9172.321289,4007.804199,549.5667725,7261.674316,2256.919922,37427.73047,0.708211422
World,1994,5675551258.0,,22974.59766,4.047994137,8513.74707,9196.235352,4040.173828,586.7435913,7336.295898,2286.922607,38666.15234,0.721290231
World,1995,5758878977.0,,23516.63867,4.083544731,8758.441406,9283.901367,4196.847656,620.2044067,7426.246094,2342.963135,38933.97656,0.734423935
World,1996,5842055730.0,,24233.47656,4.148107529,8976.963867,9562.136719,4381.598633,633.5588989,7512.808105,2393.537109,39997.94531,0.747974992
World,1997,5924787819.0,,24380.32227,4.11496973,8927.299805,9702.210938,4395.057617,658.8290405,7485.22998,2350.141602,41519.98047,0.76224345
World,1998,6007066691.0,,24295.71289,4.044521809,8689.000977,9821.974609,4443.504395,656.5960693,7419.23291,2378.565918,40128.70313,0.775902331
World,1999,6089006328.0,,24837.77148,4.079117298,8809.092773,10064.1875,4586.165527,688.046875,7436.038086,2398.701416,40450.99219,0.78968966
World,2000,6171702992.0,59897700000000.0,25511.48242,4.133621216,9156.637695,10211.62402,4727.822754,718.1653442,7544.740723,2390.250977,40795.37891,0.80358696
World,2001,6254936464.0,,25692.99414,4.107634544,9208.428711,10283.57031,4771.714844,750.7479858,7523.762207,2385.422607,40260.36328,0.817254901
World,2002,6337730343.0,,26265.33203,4.144280434,9630.181641,10269.35254,4913.651855,779.0042725,7480.677246,2402.932129,41423.41406,0.831458151
World,2003,6420361633.0,,27652.69141,4.307030201,10466.56543,10540.84961,5096.195801,857.4348755,7668.746582,2419.463135,44206.87109,0.846822739
World,2004,6503377774.0,,28610.02344,4.399255753,10813.3916,10924.57422,5257.67041,895.9295044,7809.036133,2487.872803,44421.22656,0.862189829
World,2005,6586970132.0,,29598.95117,4.493560791,11498.5,11030.30469,5376.288574,966.7763062,7929.647949,2510.291992,45006.91797,0.877756298
World,2006,6671452019.0,,30594.15234,4.585831165,12136.23828,11142.92773,5531.005859,1047.294189,8057.692871,2546.306396,46217.52734,0.89379406
World,2007,6757308776.0,,31499.25586,4.661509037,12724.45117,11184.3125,5736.636719,1126.199097,8108.338379,2612.955811,46734.87891,0.910011947
World,2008,6844457659.0,,32049.66016,4.682570934,13149.66895,11143.33984,5905.500488,1137.397217,8177.437012,2582.949219,47666.07813,0.926631629
World,2009,6932766416.0,,31513.01367,4.545517921,13003.17188,10899.59668,5765.684082,1170.605957,8124.256348,2552.738037,47682.01953,0.943296015
World,2010,7021732143.0,89807700000000.0,33317.67188,4.744935989,13918.22363,11253.69434,6205.779785,1251.813477,8257.109375,2617.386963,49602.08984,0.960736096
World,2011,7110923773.0,,34479.98828,4.848875999,14704.22266,11310.14844,6389.330078,1344.746826,8498.254883,2703.093262,50934.17578,0.978628874
World,2012,7201202478.0,,34954.73438,4.85401392,14867.80176,11432.71582,6523.143066,1377.354248,8568.391602,2717.484619,51787.14844,0.996867716
World,2013,7291793585.0,,35275.82031,4.837742805,14953.15332,11516.62598,6573.115723,1441.33374,8520.597656,2700.372314,51689.28125,1.015091658
World,2014,7381616239.0,,35465.69531,4.804597378,15014.88281,11561.83203,6604.975586,1492.45105,8601.788086,2733.968018,52086.36719,1.033442855
World,2015,7470491876.0,106872000000000.0,35403.52734,4.739115715,14655.0166,11770.02246,6728.989258,1440.665527,8616.348633,2741.355957,52119.3125,1.05179894
World,2016,7558554527.0,110407000000000.0,35392.83203,4.682486534,14322.98926,11900.26367,6914.850098,1476.147461,8652.834961,2759.228516,51013.09375,1.069632292
World,2017,7645617952.0,114530000000000.0,35974.60938,4.705258846,14494.16797,12085.29199,7084.614746,1499.946777,8797.016602,2814.724365,51702.66406,1.087686419
World,2018,7729902779.0,118766000000000.0,36734.00391,4.752194881,14762.69434,12142.82813,7419.413086,1546.848633,8935.429688,2814.039063,52139.28906,1.105875015
World,2019,7811293699.0,122149000000000.0,37086.56641,4.747813702,14702.95605,12325.9082,7574.056152,1615.726563,9008.441406,2819.10376,52571.33984,1.124223113
World,2020,7887001289.0,118590000000000.0,35158.23047,4.457743645,14267.03516,10932.3418,7520.819824,1624.052246,8903.342773,2852.966797,50601.26563,1.141716003
World,2021,7954448387.0,126005000000000.0,36866.86328,4.634747982,14969.24902,11513.16602,7878.698242,1666.88501,9089.302734,2895.432373,52639.84375,1.160024166
World,2022,8021407196.0,130113000000000.0,37527.77344,4.678452492,15449.17676,11914.91211,7758.745605,1578.73938,9278.555664,2881.229492,53515.58594,1.178647757
World,2023,8091734933.0,,38094.03906,4.707771778,15636.37305,12278.24121,7802.845215,1540.286255,9416.929688,2911.154053,54092.18359,1.197455287
World,2024,8161972574.0,,38598.57813,4.729074955,15805.25391,12470.5957,8009.827637,1472.817505,9498.914063,2935.778564,54433.39844,1.216368556
